field_id,form_id,form_number,field_category,field_name,normalized_name,data_type,field_type,required,validation_rules,language,context,document_source
PROC_740696_review,CPF-320-HVAC-INCENTIVE,320C-HVAC,process_instructions,1. Review,review,text,Text Input,False,,en,"1. Review: Customer and Contractor review customer,","034_Heating and Cooling, Contractor Installed–Form 320C-HVAC (PDF).pdf"
CUST_c23573_customer_completes,CPF-320-HVAC-INCENTIVE,320C-HVAC,customer_information,2. Customer completes,customer_completes,text,Text Input,False,,en,2. Customer completes: Customer Information and,"034_Heating and Cooling, Contractor Installed–Form 320C-HVAC (PDF).pdf"
CNTR_656663_contractor_completes,CPF-320-HVAC-INCENTIVE,320C-HVAC,contractor_information,3. Contractor completes,contractor_completes,text,Text Input,False,,en,3. Contractor completes: Equipment Information and,"034_Heating and Cooling, Contractor Installed–Form 320C-HVAC (PDF).pdf"
PROC_fc02aa_sign,CPF-320-HVAC-INCENTIVE,320C-HVAC,process_instructions,4. Sign,sign,text,Text Input,False,,en,4. Sign: Customer and Contractor s ign form.,"034_Heating and Cooling, Contractor Installed–Form 320C-HVAC (PDF).pdf"
PROC_a4f3fc_submit,CPF-320-HVAC-INCENTIVE,320C-HVAC,process_instructions,5. Submit,submit,text,Text Input,False,,en,5. Submit: application and documentation to,"034_Heating and Cooling, Contractor Installed–Form 320C-HVAC (PDF).pdf"
MISC_8d9090_access_and_evaluatio,CPF-320-HVAC-INCENTIVE,320C-HVAC,other,ACCESS AND EVALUATION,access_and_evaluation,text,Text Input,False,,en,ACCESS AND EVALUATION: Energy Trust and/or its,"034_Heating and Cooling, Contractor Installed–Form 320C-HVAC (PDF).pdf"
MISC_8c31c4_ahri_certificate_num,CPF-320-HVAC-INCENTIVE,320C-HVAC,other,AHRI Certificate Number,ahri_certificate_number,text,Text Input,False,,en,AHRI Certificate Number: Installed Cost $,"034_Heating and Cooling, Contractor Installed–Form 320C-HVAC (PDF).pdf"
MISC_2664cf_application,CPF-320-HVAC-INCENTIVE,320C-HVAC,other,APPLICATION,application,text,Text Input,False,,en,APPLICATION: This application and any required additional,"034_Heating and Cooling, Contractor Installed–Form 320C-HVAC (PDF).pdf"
CNTR_9d417a_contractor_authoriza,CPF-320-HVAC-INCENTIVE,320C-HVAC,contractor_information,CONTRACTOR AUTHORIZATION,contractor_authorization,text,Text Input,False,,en,CONTRACTOR AUTHORIZATION: The person signing this,"034_Heating and Cooling, Contractor Installed–Form 320C-HVAC (PDF).pdf"
CUST_d04ef2_customer_authorizati,CPF-320-HVAC-INCENTIVE,320C-HVAC,customer_information,CUSTOMER AUTHORIZATION,customer_authorization,text,Text Input,False,,en,CUSTOMER AUTHORIZATION: The person signing this,"034_Heating and Cooling, Contractor Installed–Form 320C-HVAC (PDF).pdf"
MISC_9f9975_compressor_control_s,CPF-320-HVAC-INCENTIVE,320C-HVAC,other,Compressor control set,compressor_control_set,text,Text Input,False,,en,Compressor control set: ºF Auxiliary heat lockout set: ºF,"034_Heating and Cooling, Contractor Installed–Form 320C-HVAC (PDF).pdf"
AUTH_CNTR_a54f56_contractor_signature,CPF-320-HVAC-INCENTIVE,320C-HVAC,contractor_authorization,Contractor Name and Signature,contractor_signature,signature,Signature,False,signature_required,en,"Form 320C -HVAC v2025.4 250922 ―Page 2 of 8 Upgrade types and incentives subject to change. Do not use this form for work completed after December 31, 2025 . Contractor Name and Signature By s","034_Heating and Cooling, Contractor Installed–Form 320C-HVAC (PDF).pdf"
AUTH_CUST_a0f68a_customer_signature,CPF-320-HVAC-INCENTIVE,320C-HVAC,customer_authorization,Customer Name and Signature,customer_signature,signature,Signature,False,signature_required,en,"Customer Name and Signature By signing below, I have read, understand, and agree to the Terms and Conditions ( page 6) of this application .  Customer signature","034_Heating and Cooling, Contractor Installed–Form 320C-HVAC (PDF).pdf"
TERMS_d6aa6d_disclaimerno_liabili,CPF-320-HVAC-INCENTIVE,320C-HVAC,terms_and_conditions,DISCLAIMER/NO LIABILITY,disclaimerno_liability,text,Text Input,False,,en,"DISCLAIMER/NO LIABILITY: Customer understands that,","034_Heating and Cooling, Contractor Installed–Form 320C-HVAC (PDF).pdf"
SPEC_e59bef_ecm_yes_no_afue,CPF-320-HVAC-INCENTIVE,320C-HVAC,technical_specifications,ECM? Yes No AFUE,ecm_yes_no_afue,number,Text Input,False,range:70-100,en,ECM? Yes No AFUE: %,"034_Heating and Cooling, Contractor Installed–Form 320C-HVAC (PDF).pdf"
TERMS_bcaf16_eligibility,CPF-320-HVAC-INCENTIVE,320C-HVAC,terms_and_conditions,ELIGIBILITY,eligibility,text,Text Input,False,,en,ELIGIBILITY: Incentives are available to eligible Customers,"034_Heating and Cooling, Contractor Installed–Form 320C-HVAC (PDF).pdf"
MISC_bfb515_eligible_products,CPF-320-HVAC-INCENTIVE,320C-HVAC,other,ELIGIBLE PRODUCTS,eligible_products,text,Text Input,False,,en,ELIGIBLE PRODUCTS: Products must meet Energy Trust,"034_Heating and Cooling, Contractor Installed–Form 320C-HVAC (PDF).pdf"
SPEC_59dd35_hspf2,CPF-320-HVAC-INCENTIVE,320C-HVAC,technical_specifications,HSPF2,hspf2,number,Text Input,False,range:7.0-10.0,en,HSPF2: EER2: SEER 2:,"034_Heating and Cooling, Contractor Installed–Form 320C-HVAC (PDF).pdf"
FIN_06561e_incentive_amount,CPF-320-HVAC-INCENTIVE,320C-HVAC,financial_information,INCENTIVE AMOUNT,incentive_amount,text,Text Input,False,,en,INCENTIVE AMOUNT: Incentive amount cannot exceed total,"034_Heating and Cooling, Contractor Installed–Form 320C-HVAC (PDF).pdf"
MISC_a1b866_information_release,CPF-320-HVAC-INCENTIVE,320C-HVAC,other,INFORMATION RELEASE,information_release,text,Text Input,False,,en,INFORMATION RELEASE: Customer agrees that,"034_Heating and Cooling, Contractor Installed–Form 320C-HVAC (PDF).pdf"
FIN_8172bf_installed_cost_,CPF-320-HVAC-INCENTIVE,320C-HVAC,financial_information,Installed Cost $,installed_cost_,currency,Text Input,False,positive_number,en,Installed Cost $: Lockout temperature: º F,"034_Heating and Cooling, Contractor Installed–Form 320C-HVAC (PDF).pdf"
SPEC_2f9de8_manufacturer,CPF-320-HVAC-INCENTIVE,320C-HVAC,technical_specifications,Manufacturer,manufacturer,text,Text Input,False,,en,Manufacturer: Model:,"034_Heating and Cooling, Contractor Installed–Form 320C-HVAC (PDF).pdf"
SPEC_def154_model_number,CPF-320-HVAC-INCENTIVE,320C-HVAC,technical_specifications,Model Name,model_number,text,Text Input,False,,en,Model Name: Model #:,"034_Heating and Cooling, Contractor Installed–Form 320C-HVAC (PDF).pdf"
MISC_f6dc2b_no_endorsement,CPF-320-HVAC-INCENTIVE,320C-HVAC,other,NO ENDORSEMENT,no_endorsement,text,Text Input,False,,en,NO ENDORSEMENT: Energy Trust does not endorse any,"034_Heating and Cooling, Contractor Installed–Form 320C-HVAC (PDF).pdf"
MISC_3ac971_other,CPF-320-HVAC-INCENTIVE,320C-HVAC,other,Other,other,text,Text Input,False,,en,Other: Is an AHRI certificate attached to this application?,"034_Heating and Cooling, Contractor Installed–Form 320C-HVAC (PDF).pdf"
FIN_64b96f_payment,CPF-320-HVAC-INCENTIVE,320C-HVAC,financial_information,PAYMENT,payment,text,Text Input,False,,en,PAYMENT: Incentives will be paid after: (i) completion and/or,"034_Heating and Cooling, Contractor Installed–Form 320C-HVAC (PDF).pdf"
MISC_9407d9_proof_of_purchase,CPF-320-HVAC-INCENTIVE,320C-HVAC,other,PROOF OF PURCHASE,proof_of_purchase,text,Text Input,False,,en,PROOF OF PURCHASE: The invoice documentation,"034_Heating and Cooling, Contractor Installed–Form 320C-HVAC (PDF).pdf"
TERMS_469f41_property_rights,CPF-320-HVAC-INCENTIVE,320C-HVAC,terms_and_conditions,PROPERTY RIGHTS,property_rights,text,Text Input,False,,en,PROPERTY RIGHTS: Customer represents that Customer has,"034_Heating and Cooling, Contractor Installed–Form 320C-HVAC (PDF).pdf"
MISC_6f1648_qty_of_indoor_units,CPF-320-HVAC-INCENTIVE,320C-HVAC,other,Qty of indoor units,qty_of_indoor_units,number,Text Input,False,,en,Qty of indoor units: Primary Living Space Room Type:,"034_Heating and Cooling, Contractor Installed–Form 320C-HVAC (PDF).pdf"
MISC_d8df47_qty_of_outdoor_units,CPF-320-HVAC-INCENTIVE,320C-HVAC,other,Qty of outdoor units,qty_of_outdoor_units,number,Text Input,False,,en,Qty of outdoor units: Total capacity (BTUs): HSPF2:,"034_Heating and Cooling, Contractor Installed–Form 320C-HVAC (PDF).pdf"
MISC_ed7e17_safety_and_building_,CPF-320-HVAC-INCENTIVE,320C-HVAC,other,SAFETY AND BUILDING CODES,safety_and_building_codes,percentage,Text Input,False,,en,"SAFETY AND BUILDING CODES: Customer represents that,","034_Heating and Cooling, Contractor Installed–Form 320C-HVAC (PDF).pdf"
SPEC_76b10d_serial_number,CPF-320-HVAC-INCENTIVE,320C-HVAC,technical_specifications,Serial #,serial_number,text,Text Input,False,,en,Serial #: Indoor Model:,"034_Heating and Cooling, Contractor Installed–Form 320C-HVAC (PDF).pdf"
TERMS_df5d80_tax_liability,CPF-320-HVAC-INCENTIVE,320C-HVAC,terms_and_conditions,TAX LIABILITY,tax_liability,text,Text Input,False,,en,TAX LIABILITY: Energy Trust is not responsible for any tax,"034_Heating and Cooling, Contractor Installed–Form 320C-HVAC (PDF).pdf"
MISC_708a17_yes_no_other,CPF-320-HVAC-INCENTIVE,320C-HVAC,other,Yes No Other,yes_no_other,text,Text Input,False,,en,Yes No Other: Was there electric auxiliary heat installed? Or no back -up?,"034_Heating and Cooling, Contractor Installed–Form 320C-HVAC (PDF).pdf"
FIN_d29f2d_yes_instant_incentiv,CPF-320-HVAC-INCENTIVE,320C-HVAC,financial_information,"Yes, instant incentive amount listed on invoice",yes_instant_incentive_amount_listed_on_invoice,currency,Text Input,False,positive_number,en,"Yes, instant incentive amount listed on invoice: $","034_Heating and Cooling, Contractor Installed–Form 320C-HVAC (PDF).pdf"
CNTR_4890ae_date,CPF-320-HVAC-INCENTIVE,320C-HVAC,contractor_information,been completed by Contractor as of the signature date above,date,signature,Signature,False,signature_required,en,Contractor identified above to submit this application and all documentation to Energy Trust on Customer’s behalf. Customer represents to Energy Trust that all upgrades have been completed by Contr,"034_Heating and Cooling, Contractor Installed–Form 320C-HVAC (PDF).pdf"
MISC_9205c4_of_its_actionsenergy,CPF-320-HVAC-INCENTIVE,320C-HVAC,other,of its actions.ENERGY INFORMATION RELEASE,of_its_actionsenergy_information_release,text,Text Input,False,,en,of its actions.ENERGY INFORMATION RELEASE : Customer authorizes,"034_Heating and Cooling, Contractor Installed–Form 320C-HVAC (PDF).pdf"
FIN_b885c2_date,CPF-320-HVAC-INCENTIVE,320C-HVAC,financial_information,the signature date above. Incentives are payable to the,date,signature,Signature,False,signature_required,en,"this applic ation and all documentation are complete and accurate, a nd all associated upgrades were completed as of the signature date above. Incentives are payable to the Customer unless this is","034_Heating and Cooling, Contractor Installed–Form 320C-HVAC (PDF).pdf"
AUTH_CNTR_a54f56_contractor_signature,CPF-320-HVAC-INCENTIVE,320C-HVAC,contractor_authorization, Contractor signature,contractor_signature,signature,Signature,False,signature_required,en,"Contractor Name and Signature By signing below, I have read, understand, and agree to the Terms and Conditions ( page 5) of this application.  Contractor signature  Full n ame (please print","034_Heating and Cooling, Contractor Installed–Form 320C-HVAC (PDF).pdf"
AUTH_CUST_a0f68a_customer_signature,CPF-320-HVAC-INCENTIVE,320C-HVAC,customer_authorization, Customer signature,customer_signature,signature,Signature,False,signature_required,en,"Customer Name and Signature By signing below, I have read, understand, and agree to the Terms and Conditions ( page 6) of this application .  Customer signature  Full n ame (please print and","034_Heating and Cooling, Contractor Installed–Form 320C-HVAC (PDF).pdf"
SPEC_2f9de8_manufacturer,CPF-320-HVAC-INCENTIVE,320C-HVAC,technical_specifications, Manufacturer,manufacturer,text,Text Input,False,,en, Manufacturer:  Model Number:,"034_Heating and Cooling, Contractor Installed–Form 320C-HVAC (PDF).pdf"
MISC_9d5526_acceso_y_evaluación,CPF-320-HVAC-INCENTIVE-ES,320C-HVAC-ES,other,ACCESO Y EVALUACIÓN,acceso_y_evaluación,text,Text Input,False,,es,ACCESO Y EVALUACIÓN: Energy Trust y/o sus representantes,"035_Incentivos de HVAC para viviendas, instalados por contratista–Formulario 320C-HVAC-ES (PDF ).pdf"
AUTH_CNTR_a54f56_contractor_signature,CPF-320-HVAC-INCENTIVE-ES,320C-HVAC-ES,contractor_authorization,Contractor Name and Signature,contractor_signature,signature,Signature,False,signature_required,es,"Nombre y firma del contratista Contractor Name and Signature Con su firma, el contratista certifica que esta solicitud y la información adjunta relacionada con la medida están completas y son pr","035_Incentivos de HVAC para viviendas, instalados por contratista–Formulario 320C-HVAC-ES (PDF ).pdf"
AUTH_CNTR_a54f56_contractor_signature,CPF-320-HVAC-INCENTIVE-ES,320C-HVAC-ES,contractor_authorization,Contractor signature Full name (please print) Date,contractor_signature,signature,Signature,False,signature_required,es,Firma del contratista Nombre completo (en letra de molde) Fecha Contractor signature Full name (please print) Date Empresa del contratist a N.° de O,"035_Incentivos de HVAC para viviendas, instalados por contratista–Formulario 320C-HVAC-ES (PDF ).pdf"
AUTH_CUST_a0f68a_customer_signature,CPF-320-HVAC-INCENTIVE-ES,320C-HVAC-ES,customer_authorization,Customer Name and Signature,customer_signature,signature,Signature,False,signature_required,es,"Nombre y firma del cliente Customer Name and Signature Con su firma, el cliente acepta los términos y condiciones de esta solicitud y autoriza al Contratista identificado abajo a presentar esta","035_Incentivos de HVAC para viviendas, instalados por contratista–Formulario 320C-HVAC-ES (PDF ).pdf"
AUTH_CUST_a0f68a_customer_signature,CPF-320-HVAC-INCENTIVE-ES,320C-HVAC-ES,customer_authorization,Customer signature Full name Date,customer_signature,signature,Signature,False,signature_required,es,Firma del cliente Nombre completo (escriba en letra de molde y use el mismo nombre que figura en la factura) Fecha Customer signature Full name Date Correo ele,"035_Incentivos de HVAC para viviendas, instalados por contratista–Formulario 320C-HVAC-ES (PDF ).pdf"
MISC_b8ec2f_códigos_de_seguridad,CPF-320-HVAC-INCENTIVE-ES,320C-HVAC-ES,other,CÓDIGOS DE SEGURIDAD Y DE CONSTRUCCIÓN,códigos_de_seguridad_y_de_construcción,text,Text Input,False,,es,CÓDIGOS DE SEGURIDAD Y DE CONSTRUCCIÓN: El Cliente,"035_Incentivos de HVAC para viviendas, instalados por contratista–Formulario 320C-HVAC-ES (PDF ).pdf"
TERMS_235beb_derechos_de_propieda,CPF-320-HVAC-INCENTIVE-ES,320C-HVAC-ES,terms_and_conditions,DERECHOS DE PROPIEDAD,derechos_de_propiedad,text,Text Input,False,,es,DERECHOS DE PROPIEDAD: El cliente declara que tiene derecho a,"035_Incentivos de HVAC para viviendas, instalados por contratista–Formulario 320C-HVAC-ES (PDF ).pdf"
TERMS_7af98d_elegibilidad,CPF-320-HVAC-INCENTIVE-ES,320C-HVAC-ES,terms_and_conditions,ELEGIBILIDAD,elegibilidad,text,Text Input,False,,es,ELEGIBILIDAD: Los incentivos están disponibles para clientes que,"035_Incentivos de HVAC para viviendas, instalados por contratista–Formulario 320C-HVAC-ES (PDF ).pdf"
MISC_10586e_energético,CPF-320-HVAC-INCENTIVE-ES,320C-HVAC-ES,other,ENERGÉTICO,energético,text,Text Input,False,,es,ENERGÉTICO : El cliente autoriza a Energy Trust y al contratista que,"035_Incentivos de HVAC para viviendas, instalados por contratista–Formulario 320C-HVAC-ES (PDF ).pdf"
TERMS_86b589_exoneración_de_respo,CPF-320-HVAC-INCENTIVE-ES,320C-HVAC-ES,terms_and_conditions,EXONERACIÓN DE RESPONSABILIDAD/DESCARGO DE RESPONSABILIDAD,exoneración_de_responsabilidaddescargo_de_responsa,text,Text Input,False,,es,"EXONERACIÓN DE RESPONSABILIDAD/DESCARGO DE RESPONSABILIDAD: El cliente entiende que, aunque","035_Incentivos de HVAC para viviendas, instalados por contratista–Formulario 320C-HVAC-ES (PDF ).pdf"
MISC_ead872_esta_vivienda_está,CPF-320-HVAC-INCENTIVE-ES,320C-HVAC-ES,other,Esta vivienda está,esta_vivienda_está,text,Text Input,False,,es,"Esta vivienda está: Ocupada por el dueño Alquilada, soy el propietario*","035_Incentivos de HVAC para viviendas, instalados por contratista–Formulario 320C-HVAC-ES (PDF ).pdf"
EQUIP_ad33c7_fireplace_fe,CPF-320-HVAC-INCENTIVE-ES,320C-HVAC-ES,equipment_information,Fireplace FE,fireplace_fe,percentage,Text Input,False,,es,Fireplace FE: % Fabricante:,"035_Incentivos de HVAC para viviendas, instalados por contratista–Formulario 320C-HVAC-ES (PDF ).pdf"
EQUIP_e36f7a_heat_pump_hspf_2,CPF-320-HVAC-INCENTIVE-ES,320C-HVAC-ES,equipment_information,Heat Pump HSPF 2,heat_pump_hspf_2,number,Text Input,False,range:7.0-10.0,es,Heat Pump HSPF 2: EER2: SEER 2:,"035_Incentivos de HVAC para viviendas, instalados por contratista–Formulario 320C-HVAC-ES (PDF ).pdf"
MISC_74855b_materiales_en_facsím,CPF-320-HVAC-INCENTIVE-ES,320C-HVAC-ES,other,MATERIALES EN FACSÍMIL O ESCANEADOS,materiales_en_facsímil_o_escaneados,text,Text Input,False,,es,MATERIALES EN FACSÍMIL O ESCANEADOS: LA TRANSMISIÓN,"035_Incentivos de HVAC para viviendas, instalados por contratista–Formulario 320C-HVAC-ES (PDF ).pdf"
FIN_a9bf99_monto_del_incentivo,CPF-320-HVAC-INCENTIVE-ES,320C-HVAC-ES,financial_information,MONTO DEL INCENTIVO,monto_del_incentivo,text,Text Input,False,,es,MONTO DEL INCENTIVO: El monto del incentivo no puede ser mayor,"035_Incentivos de HVAC para viviendas, instalados por contratista–Formulario 320C-HVAC-ES (PDF ).pdf"
MISC_9170c8_no_constituye_endoso,CPF-320-HVAC-INCENTIVE-ES,320C-HVAC-ES,other,NO CONSTITUYE ENDOSO,no_constituye_endoso,text,Text Input,False,,es,NO CONSTITUYE ENDOSO: Energy Trust no endosa a ningún,"035_Incentivos de HVAC para viviendas, instalados por contratista–Formulario 320C-HVAC-ES (PDF ).pdf"
SPEC_f780bd_no_afue,CPF-320-HVAC-INCENTIVE-ES,320C-HVAC-ES,technical_specifications,No AFUE,no_afue,number,Text Input,False,range:70-100,es,No AFUE: % Costo instalado:,"035_Incentivos de HVAC para viviendas, instalados por contratista–Formulario 320C-HVAC-ES (PDF ).pdf"
FIN_ce14bf_pago,CPF-320-HVAC-INCENTIVE-ES,320C-HVAC-ES,financial_information,PAGO,pago,text,Text Input,False,,es,PAGO: Los incentivos se pagarán luego de: (i) completar y/o instalar,"035_Incentivos de HVAC para viviendas, instalados por contratista–Formulario 320C-HVAC-ES (PDF ).pdf"
MISC_07668e_productos_elegibles,CPF-320-HVAC-INCENTIVE-ES,320C-HVAC-ES,other,PRODUCTOS ELEGIBLES,productos_elegibles,text,Text Input,False,,es,PRODUCTOS ELEGIBLES: Los productos deben cumplir con las,"035_Incentivos de HVAC para viviendas, instalados por contratista–Formulario 320C-HVAC-ES (PDF ).pdf"
MISC_4db981_prueba_de_compra,CPF-320-HVAC-INCENTIVE-ES,320C-HVAC-ES,other,PRUEBA DE COMPRA,prueba_de_compra,text,Text Input,False,,es,PRUEBA DE COMPRA: Las facturas que acompañen a esta solicitud,"035_Incentivos de HVAC para viviendas, instalados por contratista–Formulario 320C-HVAC-ES (PDF ).pdf"
TERMS_130528_responsabilidad_impo,CPF-320-HVAC-INCENTIVE-ES,320C-HVAC-ES,terms_and_conditions,RESPONSABILIDAD IMPOSITIVA,responsabilidad_impositiva,text,Text Input,False,,es,RESPONSABILIDAD IMPOSITIVA: Energy Trust no es responsable,"035_Incentivos de HVAC para viviendas, instalados por contratista–Formulario 320C-HVAC-ES (PDF ).pdf"
MISC_9d8b48_revelación_de_inform,CPF-320-HVAC-INCENTIVE-ES,320C-HVAC-ES,other,REVELACIÓN DE INFORMACIÓN,revelación_de_información,text,Text Input,False,,es,REVELACIÓN DE INFORMACIÓN: El cliente acepta que,"035_Incentivos de HVAC para viviendas, instalados por contratista–Formulario 320C-HVAC-ES (PDF ).pdf"
MISC_04cec9_solicitud,CPF-320-HVAC-INCENTIVE-ES,320C-HVAC-ES,other,SOLICITUD,solicitud,text,Text Input,False,,es,SOLICITUD: Esta solicitud y toda la documentación adicional,"035_Incentivos de HVAC para viviendas, instalados por contratista–Formulario 320C-HVAC-ES (PDF ).pdf"
UTIL_344e15_servicio_de_gas,CPF-320-HVAC-INCENTIVE-ES,320C-HVAC-ES,utility_information,Servicio de gas,servicio_de_gas,text,Text Input,False,,es,Servicio de gas: NW Natural Cascade Natural Gas Avista Otro,"035_Incentivos de HVAC para viviendas, instalados por contratista–Formulario 320C-HVAC-ES (PDF ).pdf"
MISC_a52d1e_verificación_de_cali,CPF-320-HVAC-INCENTIVE-ES,320C-HVAC-ES,other,VERIFICACIÓN DE CALIDAD DE MANO DE OBRA,verificación_de_calidad_de_mano_de_obra,text,Text Input,False,,es,VERIFICACIÓN DE CALIDAD DE MANO DE OBRA: Antes de pagar,"035_Incentivos de HVAC para viviendas, instalados por contratista–Formulario 320C-HVAC-ES (PDF ).pdf"
MISC_f12849_son,CPF-320-HVAC-INCENTIVE-ES,320C-HVAC-ES,other,son,son,text,Text Input,False,,es,son: (i) Clientes de servicios de electricidad para viviendas de Oregón,"035_Incentivos de HVAC para viviendas, instalados por contratista–Formulario 320C-HVAC-ES (PDF ).pdf"
MISC_8d6976_en_qué_tipo_de_ambie,CPF-320-HVAC-INCENTIVE-ES,320C-HVAC-ES,other,¿En qué tipo de ambiente se instaló la unidad principal de calefacción? (ejemplos,en_qué_tipo_de_ambiente_se_instaló_la_unidad_princ,text,Text Input,False,,es,¿En qué tipo de ambiente se instaló la unidad principal de calefacción? (ejemplos: sala de estar ):,"035_Incentivos de HVAC para viviendas, instalados por contratista–Formulario 320C-HVAC-ES (PDF ).pdf"
PROC_740696_review,CPF-320-WATER-HEATING-INCENTIVE,320C-WH,process_instructions,1. Review,review,text,Text Input,False,,en,"1. Review: Customer and Contractor review customer,","036_Water Heating, Contractor Installed–Form 320C-WH (PDF).pdf"
CUST_c23573_customer_completes,CPF-320-WATER-HEATING-INCENTIVE,320C-WH,customer_information,2. Customer completes,customer_completes,text,Text Input,False,,en,2. Customer completes: Customer Information and,"036_Water Heating, Contractor Installed–Form 320C-WH (PDF).pdf"
CNTR_656663_contractor_completes,CPF-320-WATER-HEATING-INCENTIVE,320C-WH,contractor_information,3. Contractor completes,contractor_completes,text,Text Input,False,,en,3. Contractor completes: Equipment Information and,"036_Water Heating, Contractor Installed–Form 320C-WH (PDF).pdf"
PROC_fc02aa_sign,CPF-320-WATER-HEATING-INCENTIVE,320C-WH,process_instructions,4. Sign,sign,text,Text Input,False,,en,4. Sign: Customer and Contractor sign form.,"036_Water Heating, Contractor Installed–Form 320C-WH (PDF).pdf"
PROC_a4f3fc_submit,CPF-320-WATER-HEATING-INCENTIVE,320C-WH,process_instructions,5. Submit,submit,text,Text Input,False,,en,5. Submit: application and documentation to,"036_Water Heating, Contractor Installed–Form 320C-WH (PDF).pdf"
MISC_2664cf_application,CPF-320-WATER-HEATING-INCENTIVE,320C-WH,other,APPLICATION,application,text,Text Input,False,,en,APPLICATION: This application and any required additional,"036_Water Heating, Contractor Installed–Form 320C-WH (PDF).pdf"
AUTH_CNTR_a54f56_contractor_signature,CPF-320-WATER-HEATING-INCENTIVE,320C-WH,contractor_authorization,Contractor Name and Signature,contractor_signature,signature,Signature,False,signature_required,en,"Form 320C -WH v2025.5 250922 ―Page 2 of 4 Upgrade types and incentives subject to change. Do not use this form for work completed after December 31, 2025 . Contractor Name and Signature By sig","036_Water Heating, Contractor Installed–Form 320C-WH (PDF).pdf"
AUTH_CUST_a0f68a_customer_signature,CPF-320-WATER-HEATING-INCENTIVE,320C-WH,customer_authorization,Customer Name and Signature,customer_signature,signature,Signature,False,signature_required,en,"Customer Name and Signature By signing below, I have read, understand, and agree to the Terms and Conditions ( page 3) of this application.  Customer signature","036_Water Heating, Contractor Installed–Form 320C-WH (PDF).pdf"
TERMS_d6aa6d_disclaimerno_liabili,CPF-320-WATER-HEATING-INCENTIVE,320C-WH,terms_and_conditions,DISCLAIMER/NO LIABILITY,disclaimerno_liability,text,Text Input,False,,en,"DISCLAIMER/NO LIABILITY: Customer understands that,","036_Water Heating, Contractor Installed–Form 320C-WH (PDF).pdf"
TERMS_bcaf16_eligibility,CPF-320-WATER-HEATING-INCENTIVE,320C-WH,terms_and_conditions,ELIGIBILITY,eligibility,text,Text Input,False,,en,ELIGIBILITY: Incentives are available to eligible Customers who are:,"036_Water Heating, Contractor Installed–Form 320C-WH (PDF).pdf"
MISC_bea144_energy_information_r,CPF-320-WATER-HEATING-INCENTIVE,320C-WH,other,ENERGY INFORMATION RELEASE,energy_information_release,text,Text Input,False,,en,ENERGY INFORMATION RELEASE : Customer authorizes,"036_Water Heating, Contractor Installed–Form 320C-WH (PDF).pdf"
FIN_06561e_incentive_amount,CPF-320-WATER-HEATING-INCENTIVE,320C-WH,financial_information,INCENTIVE AMOUNT,incentive_amount,text,Text Input,False,,en,INCENTIVE AMOUNT: Incentive amount cannot exceed total cost of,"036_Water Heating, Contractor Installed–Form 320C-WH (PDF).pdf"
MISC_4139aa_internal_revenue_cod,CPF-320-WATER-HEATING-INCENTIVE,320C-WH,other,Internal Revenue Code. SAFETY AND BUILDING CODES,internal_revenue_code_safety_and_building_codes,percentage,Text Input,False,,en,"Internal Revenue Code. SAFETY AND BUILDING CODES: Customer represents that, with","036_Water Heating, Contractor Installed–Form 320C-WH (PDF).pdf"
FIN_64b96f_payment,CPF-320-WATER-HEATING-INCENTIVE,320C-WH,financial_information,PAYMENT,payment,text,Text Input,False,,en,"PAYMENT: Subject to funding availability, incentives will be paid","036_Water Heating, Contractor Installed–Form 320C-WH (PDF).pdf"
MISC_9407d9_proof_of_purchase,CPF-320-WATER-HEATING-INCENTIVE,320C-WH,other,PROOF OF PURCHASE,proof_of_purchase,text,Text Input,False,,en,PROOF OF PURCHASE: The invoice documentation accompanying,"036_Water Heating, Contractor Installed–Form 320C-WH (PDF).pdf"
TERMS_469f41_property_rights,CPF-320-WATER-HEATING-INCENTIVE,320C-WH,terms_and_conditions,PROPERTY RIGHTS,property_rights,text,Text Input,False,,en,PROPERTY RIGHTS: Customer represents that Customer has the,"036_Water Heating, Contractor Installed–Form 320C-WH (PDF).pdf"
MISC_9404a2_work_quality_verific,CPF-320-WATER-HEATING-INCENTIVE,320C-WH,other,WORK QUALITY VERIFICATION,work_quality_verification,text,Text Input,False,,en,WORK QUALITY VERIFICATION: Prior to any payment of,"036_Water Heating, Contractor Installed–Form 320C-WH (PDF).pdf"
FIN_d29f2d_yes_instant_incentiv,CPF-320-WATER-HEATING-INCENTIVE,320C-WH,financial_information,"Yes, instant incentive amount listed on invoice",yes_instant_incentive_amount_listed_on_invoice,currency,Text Input,False,positive_number,en,"Yes, instant incentive amount listed on invoice: $","036_Water Heating, Contractor Installed–Form 320C-WH (PDF).pdf"
MISC_88b734_after,CPF-320-WATER-HEATING-INCENTIVE,320C-WH,other,after,after,text,Text Input,False,,en,after: (i) completion and/or installation of the energy -saving,"036_Water Heating, Contractor Installed–Form 320C-WH (PDF).pdf"
MISC_611cfb__oregon_only,CPF-320-WATER-HEATING-INCENTIVE,320C-WH,other,• Oregon only,_oregon_only,text,Text Input,False,,en,• Oregon only: Unit must replace an existing gas storage tank water heater,"036_Water Heating, Contractor Installed–Form 320C-WH (PDF).pdf"
AUTH_CNTR_a54f56_contractor_signature,CPF-320-WATER-HEATING-INCENTIVE,320C-WH,contractor_authorization, Contractor signature,contractor_signature,signature,Signature,False,signature_required,en,"Contractor Name and Signature By signing below, I have read, understand, and agree to the Terms and Conditions ( page 5 ) of this application.  Contractor signature  Full n ame (please print","036_Water Heating, Contractor Installed–Form 320C-WH (PDF).pdf"
AUTH_CUST_a0f68a_customer_signature,CPF-320-WATER-HEATING-INCENTIVE,320C-WH,customer_authorization, Customer signature,customer_signature,signature,Signature,False,signature_required,en,"Customer Name and Signature By signing below, I have read, understand, and agree to the Terms and Conditions ( page 3) of this application.  Customer signature  Full n ame (please print and","036_Water Heating, Contractor Installed–Form 320C-WH (PDF).pdf"
SPEC_2f9de8_manufacturer,CPF-320-WATER-HEATING-INCENTIVE,320C-WH,technical_specifications, Manufacturer,manufacturer,text,Text Input,False,,en, Manufacturer:  Model:,"036_Water Heating, Contractor Installed–Form 320C-WH (PDF).pdf"
AUTH_CNTR_a54f56_contractor_signature,CPF-320-WATER-HEATING-INCENTIVE-ES,320C-WH-ES,contractor_authorization,Contractor Name and Signature,contractor_signature,signature,Signature,False,signature_required,es,"Nombre y firma del contratista Contractor Name and Signature Con su firma, el contratista certifica que esta solicitud y la información adjunta relacionada con la medida están completas y son p","037_Incentivos de calentamiento de agua de vivienda, instalado por contratista–Formulario 320C-WH-ES (PDF).pdf"
AUTH_CNTR_a54f56_contractor_signature,CPF-320-WATER-HEATING-INCENTIVE-ES,320C-WH-ES,contractor_authorization,Contractor signature Full name (please print) Date,contractor_signature,signature,Signature,False,signature_required,es,Firma del contratista Nombre completo (en letra de molde) Fecha Contractor signature Full name (please print) Date Empresa del contratist a N.° de O,"037_Incentivos de calentamiento de agua de vivienda, instalado por contratista–Formulario 320C-WH-ES (PDF).pdf"
AUTH_CUST_a0f68a_customer_signature,CPF-320-WATER-HEATING-INCENTIVE-ES,320C-WH-ES,customer_authorization,Customer Name and Signature,customer_signature,signature,Signature,False,signature_required,es,"No use este formulario para obras terminadas después del 31 de diciembre de 2023 . Nombre y firma del cliente Customer Name and Signature Con su firma, el cliente acepta los términos y condicion","037_Incentivos de calentamiento de agua de vivienda, instalado por contratista–Formulario 320C-WH-ES (PDF).pdf"
AUTH_CUST_a0f68a_customer_signature,CPF-320-WATER-HEATING-INCENTIVE-ES,320C-WH-ES,customer_authorization,Customer signature Full name Date,customer_signature,signature,Signature,False,signature_required,es,Firma del cliente Nombre completo (escriba en letra de molde y use el mismo nombre que figura en la factura) Fecha Customer signature Full name Date Correo ele,"037_Incentivos de calentamiento de agua de vivienda, instalado por contratista–Formulario 320C-WH-ES (PDF).pdf"
MISC_b8ec2f_códigos_de_seguridad,CPF-320-WATER-HEATING-INCENTIVE-ES,320C-WH-ES,other,CÓDIGOS DE SEGURIDAD Y DE CONSTRUCCIÓN,códigos_de_seguridad_y_de_construcción,text,Text Input,False,,es,CÓDIGOS DE SEGURIDAD Y DE CONSTRUCCIÓN: El cliente,"037_Incentivos de calentamiento de agua de vivienda, instalado por contratista–Formulario 320C-WH-ES (PDF).pdf"
TERMS_235beb_derechos_de_propieda,CPF-320-WATER-HEATING-INCENTIVE-ES,320C-WH-ES,terms_and_conditions,DERECHOS DE PROPIEDAD,derechos_de_propiedad,text,Text Input,False,,es,DERECHOS DE PROPIEDAD: El cliente declara que tiene derecho a,"037_Incentivos de calentamiento de agua de vivienda, instalado por contratista–Formulario 320C-WH-ES (PDF).pdf"
TERMS_7af98d_elegibilidad,CPF-320-WATER-HEATING-INCENTIVE-ES,320C-WH-ES,terms_and_conditions,ELEGIBILIDAD,elegibilidad,text,Text Input,False,,es,ELEGIBILIDAD: Los incentivos están disponibles para clientes que,"037_Incentivos de calentamiento de agua de vivienda, instalado por contratista–Formulario 320C-WH-ES (PDF).pdf"
MISC_a38dfc_electricidad,CPF-320-WATER-HEATING-INCENTIVE-ES,320C-WH-ES,other,Electricidad,electricidad,text,Text Input,False,,es,Electricidad: PGE Pacific Power Otro,"037_Incentivos de calentamiento de agua de vivienda, instalado por contratista–Formulario 320C-WH-ES (PDF).pdf"
MISC_ead872_esta_vivienda_está,CPF-320-WATER-HEATING-INCENTIVE-ES,320C-WH-ES,other,Esta vivienda está,esta_vivienda_está,text,Text Input,False,,es,"Esta vivienda está: Ocupada por el dueño Alquilad a, soy el propietario*","037_Incentivos de calentamiento de agua de vivienda, instalado por contratista–Formulario 320C-WH-ES (PDF).pdf"
FIN_a9bf99_monto_del_incentivo,CPF-320-WATER-HEATING-INCENTIVE-ES,320C-WH-ES,financial_information,MONTO DEL INCENTIVO,monto_del_incentivo,text,Text Input,False,,es,MONTO DEL INCENTIVO: El monto del incentivo no puede ser mayor,"037_Incentivos de calentamiento de agua de vivienda, instalado por contratista–Formulario 320C-WH-ES (PDF).pdf"
FIN_ce14bf_pago,CPF-320-WATER-HEATING-INCENTIVE-ES,320C-WH-ES,financial_information,PAGO,pago,text,Text Input,False,,es,PAGO: Los incentivos se pagarán luego de: (i) completar y/o instalar,"037_Incentivos de calentamiento de agua de vivienda, instalado por contratista–Formulario 320C-WH-ES (PDF).pdf"
MISC_07668e_productos_elegibles,CPF-320-WATER-HEATING-INCENTIVE-ES,320C-WH-ES,other,PRODUCTOS ELEGIBLES,productos_elegibles,text,Text Input,False,,es,PRODUCTOS ELEGIBLES: Los productos deben cumplir con las,"037_Incentivos de calentamiento de agua de vivienda, instalado por contratista–Formulario 320C-WH-ES (PDF).pdf"
MISC_4db981_prueba_de_compra,CPF-320-WATER-HEATING-INCENTIVE-ES,320C-WH-ES,other,PRUEBA DE COMPRA,prueba_de_compra,text,Text Input,False,,es,PRUEBA DE COMPRA: Las facturas que acompañen a esta solicitud,"037_Incentivos de calentamiento de agua de vivienda, instalado por contratista–Formulario 320C-WH-ES (PDF).pdf"
MISC_9d8b48_revelación_de_inform,CPF-320-WATER-HEATING-INCENTIVE-ES,320C-WH-ES,other,REVELACIÓN DE INFORMACIÓN,revelación_de_información,text,Text Input,False,,es,REVELACIÓN DE INFORMACIÓN: El cliente acepta que Energy,"037_Incentivos de calentamiento de agua de vivienda, instalado por contratista–Formulario 320C-WH-ES (PDF).pdf"
MISC_04cec9_solicitud,CPF-320-WATER-HEATING-INCENTIVE-ES,320C-WH-ES,other,SOLICITUD,solicitud,text,Text Input,False,,es,SOLICITUD: Esta solicitud y toda la documentación adicional,"037_Incentivos de calentamiento de agua de vivienda, instalado por contratista–Formulario 320C-WH-ES (PDF).pdf"
UTIL_344e15_servicio_de_gas,CPF-320-WATER-HEATING-INCENTIVE-ES,320C-WH-ES,utility_information,Servicio de gas,servicio_de_gas,text,Text Input,False,,es,Servicio de gas: NW Natural Cascade Natural Gas Avista Otro,"037_Incentivos de calentamiento de agua de vivienda, instalado por contratista–Formulario 320C-WH-ES (PDF).pdf"
MISC_a52d1e_verificación_de_cali,CPF-320-WATER-HEATING-INCENTIVE-ES,320C-WH-ES,other,VERIFICACIÓN DE CALIDAD DE MANO DE OBRA,verificación_de_calidad_de_mano_de_obra,text,Text Input,False,,es,VERIFICACIÓN DE CALIDAD DE MANO DE OBRA: Antes de pagar,"037_Incentivos de calentamiento de agua de vivienda, instalado por contratista–Formulario 320C-WH-ES (PDF).pdf"
MISC_f12849_son,CPF-320-WATER-HEATING-INCENTIVE-ES,320C-WH-ES,other,son,son,text,Text Input,False,,es,son: (i) Clientes de servicios de electricidad para viviendas de Oregón,"037_Incentivos de calentamiento de agua de vivienda, instalado por contratista–Formulario 320C-WH-ES (PDF).pdf"
PROC_740696_review,CPF-320-WEATHERIZATION-INCENTIVE,320C-WX,process_instructions,1. Review,review,text,Text Input,False,,en,"1. Review: Customer and Contractor review customer,","038_Weatherization, Contractor Installed_ Form 320C-WX (PDF).pdf"
CUST_c23573_customer_completes,CPF-320-WEATHERIZATION-INCENTIVE,320C-WX,customer_information,2. Customer completes,customer_completes,text,Text Input,False,,en,2. Customer completes: Customer Information and,"038_Weatherization, Contractor Installed_ Form 320C-WX (PDF).pdf"
CNTR_656663_contractor_completes,CPF-320-WEATHERIZATION-INCENTIVE,320C-WX,contractor_information,3. Contractor completes,contractor_completes,text,Text Input,False,,en,3. Contractor completes: Equipment Information and,"038_Weatherization, Contractor Installed_ Form 320C-WX (PDF).pdf"
PROC_fc02aa_sign,CPF-320-WEATHERIZATION-INCENTIVE,320C-WX,process_instructions,4. Sign,sign,text,Text Input,False,,en,4. Sign: Customer and Contractor sign form.,"038_Weatherization, Contractor Installed_ Form 320C-WX (PDF).pdf"
PROC_a4f3fc_submit,CPF-320-WEATHERIZATION-INCENTIVE,320C-WX,process_instructions,5. Submit,submit,text,Text Input,False,,en,5. Submit: application and documentation to,"038_Weatherization, Contractor Installed_ Form 320C-WX (PDF).pdf"
MISC_8d9090_access_and_evaluatio,CPF-320-WEATHERIZATION-INCENTIVE,320C-WX,other,ACCESS AND EVALUATION,access_and_evaluation,text,Text Input,False,,en,ACCESS AND EVALUATION: Energy Trust and/or its,"038_Weatherization, Contractor Installed_ Form 320C-WX (PDF).pdf"
MISC_2664cf_application,CPF-320-WEATHERIZATION-INCENTIVE,320C-WX,other,APPLICATION,application,text,Text Input,False,,en,APPLICATION: This application and any required additional,"038_Weatherization, Contractor Installed_ Form 320C-WX (PDF).pdf"
CNTR_9d417a_contractor_authoriza,CPF-320-WEATHERIZATION-INCENTIVE,320C-WX,contractor_information,CONTRACTOR AUTHORIZATION,contractor_authorization,text,Text Input,False,,en,CONTRACTOR AUTHORIZATION: The person signing this,"038_Weatherization, Contractor Installed_ Form 320C-WX (PDF).pdf"
CUST_d04ef2_customer_authorizati,CPF-320-WEATHERIZATION-INCENTIVE,320C-WX,customer_information,CUSTOMER AUTHORIZATION,customer_authorization,text,Text Input,False,,en,CUSTOMER AUTHORIZATION: The person signing this,"038_Weatherization, Contractor Installed_ Form 320C-WX (PDF).pdf"
AUTH_CNTR_a54f56_contractor_signature,CPF-320-WEATHERIZATION-INCENTIVE,320C-WX,contractor_authorization,Contractor Name and Signature,contractor_signature,signature,Signature,False,signature_required,en,"Form 320C -WX v2025.3 250922 ―Page 2 of 5 Upgrade types and incentives subject to change. Do not use this form for work completed after December 31, 2025 . Contractor Name and Signature By sig","038_Weatherization, Contractor Installed_ Form 320C-WX (PDF).pdf"
AUTH_CUST_a0f68a_customer_signature,CPF-320-WEATHERIZATION-INCENTIVE,320C-WX,customer_authorization,Customer Name and Signature,customer_signature,signature,Signature,False,signature_required,en,"Customer Name and Signature By signing below, I have read, understand, and agree to the Terms and Conditions ( page 3) of this application.  Customer signature","038_Weatherization, Contractor Installed_ Form 320C-WX (PDF).pdf"
MISC_bfb515_eligible_products,CPF-320-WEATHERIZATION-INCENTIVE,320C-WX,other,ELIGIBLE PRODUCTS,eligible_products,text,Text Input,False,,en,ELIGIBLE PRODUCTS: Products must meet Energy Trust,"038_Weatherization, Contractor Installed_ Form 320C-WX (PDF).pdf"
MISC_bea144_energy_information_r,CPF-320-WEATHERIZATION-INCENTIVE,320C-WX,other,ENERGY INFORMATION RELEASE,energy_information_release,text,Text Input,False,,en,ENERGY INFORMATION RELEASE : Customer authorizes,"038_Weatherization, Contractor Installed_ Form 320C-WX (PDF).pdf"
FIN_06561e_incentive_amount,CPF-320-WEATHERIZATION-INCENTIVE,320C-WX,financial_information,INCENTIVE AMOUNT,incentive_amount,text,Text Input,False,,en,INCENTIVE AMOUNT: Incentive amount cannot exceed total,"038_Weatherization, Contractor Installed_ Form 320C-WX (PDF).pdf"
MISC_a1b866_information_release,CPF-320-WEATHERIZATION-INCENTIVE,320C-WX,other,INFORMATION RELEASE,information_release,text,Text Input,False,,en,INFORMATION RELEASE: Customer agrees that,"038_Weatherization, Contractor Installed_ Form 320C-WX (PDF).pdf"
MISC_f6dc2b_no_endorsement,CPF-320-WEATHERIZATION-INCENTIVE,320C-WX,other,NO ENDORSEMENT,no_endorsement,text,Text Input,False,,en,NO ENDORSEMENT: Energy Trust does not endorse any,"038_Weatherization, Contractor Installed_ Form 320C-WX (PDF).pdf"
FIN_64b96f_payment,CPF-320-WEATHERIZATION-INCENTIVE,320C-WX,financial_information,PAYMENT,payment,text,Text Input,False,,en,PAYMENT: Incentives will be paid after: (i) completion and/or,"038_Weatherization, Contractor Installed_ Form 320C-WX (PDF).pdf"
MISC_9407d9_proof_of_purchase,CPF-320-WEATHERIZATION-INCENTIVE,320C-WX,other,PROOF OF PURCHASE,proof_of_purchase,text,Text Input,False,,en,PROOF OF PURCHASE: The invoice documentation,"038_Weatherization, Contractor Installed_ Form 320C-WX (PDF).pdf"
TERMS_469f41_property_rights,CPF-320-WEATHERIZATION-INCENTIVE,320C-WX,terms_and_conditions,PROPERTY RIGHTS,property_rights,text,Text Input,False,,en,PROPERTY RIGHTS: Customer represents that Customer has,"038_Weatherization, Contractor Installed_ Form 320C-WX (PDF).pdf"
MISC_ed7e17_safety_and_building_,CPF-320-WEATHERIZATION-INCENTIVE,320C-WX,other,SAFETY AND BUILDING CODES,safety_and_building_codes,percentage,Text Input,False,,en,"SAFETY AND BUILDING CODES: Customer represents that,","038_Weatherization, Contractor Installed_ Form 320C-WX (PDF).pdf"
TERMS_df5d80_tax_liability,CPF-320-WEATHERIZATION-INCENTIVE,320C-WX,terms_and_conditions,TAX LIABILITY,tax_liability,text,Text Input,False,,en,TAX LIABILITY: Energy Trust is not responsible for any tax,"038_Weatherization, Contractor Installed_ Form 320C-WX (PDF).pdf"
MISC_9404a2_work_quality_verific,CPF-320-WEATHERIZATION-INCENTIVE,320C-WX,other,WORK QUALITY VERIFICATION,work_quality_verification,text,Text Input,False,,en,WORK QUALITY VERIFICATION: Prior to any payment of,"038_Weatherization, Contractor Installed_ Form 320C-WX (PDF).pdf"
FIN_d29f2d_yes_instant_incentiv,CPF-320-WEATHERIZATION-INCENTIVE,320C-WX,financial_information,"Yes, instant incentive amount listed on invoice",yes_instant_incentive_amount_listed_on_invoice,currency,Text Input,False,positive_number,en,"Yes, instant incentive amount listed on invoice: $","038_Weatherization, Contractor Installed_ Form 320C-WX (PDF).pdf"
TERMS_507f34_in_this_application_,CPF-320-WEATHERIZATION-INCENTIVE,320C-WX,terms_and_conditions,in this application. DISCLAIMER/NO LIABILITY,in_this_application_disclaimerno_liability,text,Text Input,False,,en,"in this application. DISCLAIMER/NO LIABILITY: Customer understands that,","038_Weatherization, Contractor Installed_ Form 320C-WX (PDF).pdf"
CNTR_bd7f7d_the_documentation_ac,CPF-320-WEATHERIZATION-INCENTIVE,320C-WX,contractor_information,the documentation accompanying this application,the_documentation_accompanying_this_application,text,Text Input,False,,en,the documentation accompanying this application: (i) all,"038_Weatherization, Contractor Installed_ Form 320C-WX (PDF).pdf"
AUTH_CNTR_a54f56_contractor_signature,CPF-320-WEATHERIZATION-INCENTIVE,320C-WX,contractor_authorization, Contractor signature,contractor_signature,signature,Signature,False,signature_required,en,"Contractor Name and Signature By signing below, I have read, understand, and agree to the Terms and Conditions ( page 3) of this application.  Contractor signature  Full n ame (please print","038_Weatherization, Contractor Installed_ Form 320C-WX (PDF).pdf"
AUTH_CUST_a0f68a_customer_signature,CPF-320-WEATHERIZATION-INCENTIVE,320C-WX,customer_authorization, Customer signature,customer_signature,signature,Signature,False,signature_required,en,"Customer Name and Signature By signing below, I have read, understand, and agree to the Terms and Conditions ( page 3) of this application.  Customer signature  Full n ame (please print and","038_Weatherization, Contractor Installed_ Form 320C-WX (PDF).pdf"
AUTH_CNTR_a54f56_contractor_signature,CPF-320-WEATHERIZATION-INCENTIVE-ES,320C-WX-ES,contractor_authorization,Contractor Name and Signature,contractor_signature,signature,Signature,False,signature_required,es,"Customer email address (application status updates are sent via email) Nombre y firma del contratista Contractor Name and Signature Con su firma, el contratista certifica que esta solicitud y l","039_Incentivos de impermeabilización de viviendas,  instalación por contratista–Formulario 320C-WX-ES (PDF).pdf"
AUTH_CNTR_a54f56_contractor_signature,CPF-320-WEATHERIZATION-INCENTIVE-ES,320C-WX-ES,contractor_authorization,Contractor signature Full name (please print) Date,contractor_signature,signature,Signature,False,signature_required,es,Firma del contratista Nombre completo (en letra de molde) Fecha Contractor signature Full name (please print) Date Empresa del contratist a N.° de O,"039_Incentivos de impermeabilización de viviendas,  instalación por contratista–Formulario 320C-WX-ES (PDF).pdf"
AUTH_CUST_a0f68a_customer_signature,CPF-320-WEATHERIZATION-INCENTIVE-ES,320C-WX-ES,customer_authorization,Customer Name and Signature,customer_signature,signature,Signature,False,signature_required,es,"No use este formulario para obras terminadas después del 31 de diciembre de 2023 . Nombre y firma del cliente Customer Name and Signature Con su firma, el cliente acepta los términos y condicion","039_Incentivos de impermeabilización de viviendas,  instalación por contratista–Formulario 320C-WX-ES (PDF).pdf"
AUTH_CUST_a0f68a_customer_signature,CPF-320-WEATHERIZATION-INCENTIVE-ES,320C-WX-ES,customer_authorization,Customer signature Full name Date,customer_signature,signature,Signature,False,signature_required,es,Firma del cliente Nombre completo (escriba en letra de molde y use el mismo nombre que figura en la factura) Fecha Customer signature Full name Date Correo ele,"039_Incentivos de impermeabilización de viviendas,  instalación por contratista–Formulario 320C-WX-ES (PDF).pdf"
MISC_b8ec2f_códigos_de_seguridad,CPF-320-WEATHERIZATION-INCENTIVE-ES,320C-WX-ES,other,CÓDIGOS DE SEGURIDAD Y DE CONSTRUCCIÓN,códigos_de_seguridad_y_de_construcción,text,Text Input,False,,es,CÓDIGOS DE SEGURIDAD Y DE CONSTRUCCIÓN: El Cliente,"039_Incentivos de impermeabilización de viviendas,  instalación por contratista–Formulario 320C-WX-ES (PDF).pdf"
TERMS_235beb_derechos_de_propieda,CPF-320-WEATHERIZATION-INCENTIVE-ES,320C-WX-ES,terms_and_conditions,DERECHOS DE PROPIEDAD,derechos_de_propiedad,text,Text Input,False,,es,DERECHOS DE PROPIEDAD: El cliente declara que tiene derecho a,"039_Incentivos de impermeabilización de viviendas,  instalación por contratista–Formulario 320C-WX-ES (PDF).pdf"
TERMS_7af98d_elegibilidad,CPF-320-WEATHERIZATION-INCENTIVE-ES,320C-WX-ES,terms_and_conditions,ELEGIBILIDAD,elegibilidad,text,Text Input,False,,es,ELEGIBILIDAD: Los incentivos están disponibles para clientes que,"039_Incentivos de impermeabilización de viviendas,  instalación por contratista–Formulario 320C-WX-ES (PDF).pdf"
MISC_ead872_esta_vivienda_está,CPF-320-WEATHERIZATION-INCENTIVE-ES,320C-WX-ES,other,Esta vivienda está,esta_vivienda_está,text,Text Input,False,,es,"Esta vivienda está: Ocupada por el dueño Alquilada, soy el propietario*","039_Incentivos de impermeabilización de viviendas,  instalación por contratista–Formulario 320C-WX-ES (PDF).pdf"
FIN_a9bf99_monto_del_incentivo,CPF-320-WEATHERIZATION-INCENTIVE-ES,320C-WX-ES,financial_information,MONTO DEL INCENTIVO,monto_del_incentivo,text,Text Input,False,,es,MONTO DEL INCENTIVO: El monto del incentivo no puede ser mayor,"039_Incentivos de impermeabilización de viviendas,  instalación por contratista–Formulario 320C-WX-ES (PDF).pdf"
FIN_ce14bf_pago,CPF-320-WEATHERIZATION-INCENTIVE-ES,320C-WX-ES,financial_information,PAGO,pago,text,Text Input,False,,es,PAGO: Los incentivos se pagarán luego de: (i) completar y/o instalar,"039_Incentivos de impermeabilización de viviendas,  instalación por contratista–Formulario 320C-WX-ES (PDF).pdf"
MISC_07668e_productos_elegibles,CPF-320-WEATHERIZATION-INCENTIVE-ES,320C-WX-ES,other,PRODUCTOS ELEGIBLES,productos_elegibles,text,Text Input,False,,es,PRODUCTOS ELEGIBLES: Los productos deben cumplir con las,"039_Incentivos de impermeabilización de viviendas,  instalación por contratista–Formulario 320C-WX-ES (PDF).pdf"
MISC_4db981_prueba_de_compra,CPF-320-WEATHERIZATION-INCENTIVE-ES,320C-WX-ES,other,PRUEBA DE COMPRA,prueba_de_compra,text,Text Input,False,,es,PRUEBA DE COMPRA: Las facturas que acompañen a esta solicitud,"039_Incentivos de impermeabilización de viviendas,  instalación por contratista–Formulario 320C-WX-ES (PDF).pdf"
MISC_9d8b48_revelación_de_inform,CPF-320-WEATHERIZATION-INCENTIVE-ES,320C-WX-ES,other,REVELACIÓN DE INFORMACIÓN,revelación_de_información,text,Text Input,False,,es,REVELACIÓN DE INFORMACIÓN: El cliente acepta que Energy,"039_Incentivos de impermeabilización de viviendas,  instalación por contratista–Formulario 320C-WX-ES (PDF).pdf"
MISC_04cec9_solicitud,CPF-320-WEATHERIZATION-INCENTIVE-ES,320C-WX-ES,other,SOLICITUD,solicitud,text,Text Input,False,,es,SOLICITUD: Esta solicitud y toda la documentación adicional,"039_Incentivos de impermeabilización de viviendas,  instalación por contratista–Formulario 320C-WX-ES (PDF).pdf"
UTIL_344e15_servicio_de_gas,CPF-320-WEATHERIZATION-INCENTIVE-ES,320C-WX-ES,utility_information,Servicio de gas,servicio_de_gas,text,Text Input,False,,es,Servicio de gas: NW Natural Cascade Natural Gas Avista Otro,"039_Incentivos de impermeabilización de viviendas,  instalación por contratista–Formulario 320C-WX-ES (PDF).pdf"
MISC_a52d1e_verificación_de_cali,CPF-320-WEATHERIZATION-INCENTIVE-ES,320C-WX-ES,other,VERIFICACIÓN DE CALIDAD DE MANO DE OBRA,verificación_de_calidad_de_mano_de_obra,text,Text Input,False,,es,VERIFICACIÓN DE CALIDAD DE MANO DE OBRA: Antes de pagar,"039_Incentivos de impermeabilización de viviendas,  instalación por contratista–Formulario 320C-WX-ES (PDF).pdf"
MISC_8dc55f_identifica_en_la_doc,CPF-320-WEATHERIZATION-INCENTIVE-ES,320C-WX-ES,other,identifica en la documentación que acompaña a esta solicitud,identifica_en_la_documentación_que_acompaña_a_esta,text,Text Input,False,,es,identifica en la documentación que acompaña a esta solicitud: (i) todos,"039_Incentivos de impermeabilización de viviendas,  instalación por contratista–Formulario 320C-WX-ES (PDF).pdf"
MISC_f12849_son,CPF-320-WEATHERIZATION-INCENTIVE-ES,320C-WX-ES,other,son,son,text,Text Input,False,,es,son: (i) Clientes de servicios de electricidad para viviendas de Oregón,"039_Incentivos de impermeabilización de viviendas,  instalación por contratista–Formulario 320C-WX-ES (PDF).pdf"
MISC_2664cf_application,CPF-320-EXTENDED-CAPACITY-HP,320ECHP,other,APPLICATION,application,text,Text Input,False,,en,APPLICATION: This application and any req uired additional,"042_Extended Capacity Heat Pump, Contractor Installed–Form 320ECHP (PDF).pdf"
AUTH_CUST_a0f68a_customer_signature,CPF-320-EXTENDED-CAPACITY-HP,320ECHP,customer_authorization,Customer Name and Signature,customer_signature,signature,Signature,False,signature_required,en,"this as an Instant Incentive project? Yes, instant incentiv e amount listed on invoice: $ Customer Name and Signature By signing below, Customer agrees to the terms and conditions of this applicat","042_Extended Capacity Heat Pump, Contractor Installed–Form 320ECHP (PDF).pdf"
AUTH_CUST_a0f68a_customer_signature,CPF-320-EXTENDED-CAPACITY-HP,320ECHP,customer_authorization,Customer signature Full name (please print and use same name as on invoice) Date,customer_signature,signature,Signature,False,signature_required,en,"property . If this is an Energy Trust instant incentive project, Customer understands and agrees that Energy Trust will issue incentive check for incentives that meet Energy Trust requirements","042_Extended Capacity Heat Pump, Contractor Installed–Form 320ECHP (PDF).pdf"
TERMS_d6aa6d_disclaimerno_liabili,CPF-320-EXTENDED-CAPACITY-HP,320ECHP,terms_and_conditions,DISCLAIMER/NO LIABILITY,disclaimerno_liability,text,Text Input,False,,en,"DISCLAIMER/NO LIABILITY: Customer understands that,","042_Extended Capacity Heat Pump, Contractor Installed–Form 320ECHP (PDF).pdf"
MISC_9b0205_ductwork_duct_materi,CPF-320-EXTENDED-CAPACITY-HP,320ECHP,other,Ductwork Duct material,ductwork_duct_material,text,Text Input,False,,en,Ductwork Duct material: S heet Metal Duct insulation,"042_Extended Capacity Heat Pump, Contractor Installed–Form 320ECHP (PDF).pdf"
TERMS_bcaf16_eligibility,CPF-320-EXTENDED-CAPACITY-HP,320ECHP,terms_and_conditions,ELIGIBILITY,eligibility,text,Text Input,False,,en,ELIGIBILITY: Incentives listed on Form 320ECHP are available,"042_Extended Capacity Heat Pump, Contractor Installed–Form 320ECHP (PDF).pdf"
MISC_bea144_energy_information_r,CPF-320-EXTENDED-CAPACITY-HP,320ECHP,other,ENERGY INFORMATION RELEASE,energy_information_release,text,Text Input,False,,en,ENERGY INFORMATION RELEASE : Customer authorizes,"042_Extended Capacity Heat Pump, Contractor Installed–Form 320ECHP (PDF).pdf"
UTIL_d23bdc_electric_utility_,CPF-320-EXTENDED-CAPACITY-HP,320ECHP,utility_information,Electric utility *,electric_utility_,text,Text Input,False,,en,Electric utility *: PGE Pacific Power,"042_Extended Capacity Heat Pump, Contractor Installed–Form 320ECHP (PDF).pdf"
UTIL_353a38_gas_utility,CPF-320-EXTENDED-CAPACITY-HP,320ECHP,utility_information,Gas utility,gas_utility,text,Text Input,False,,en,Gas utility: NW Natural Cascade Natural Gas Avista Other,"042_Extended Capacity Heat Pump, Contractor Installed–Form 320ECHP (PDF).pdf"
FIN_06561e_incentive_amount,CPF-320-EXTENDED-CAPACITY-HP,320ECHP,financial_information,INCENTIVE AMOUNT,incentive_amount,text,Text Input,False,,en,INCENTIVE AMOUNT: Incentive amount cannot exceed total,"042_Extended Capacity Heat Pump, Contractor Installed–Form 320ECHP (PDF).pdf"
MISC_a1b866_information_release,CPF-320-EXTENDED-CAPACITY-HP,320ECHP,other,INFORMATION RELEASE,information_release,text,Text Input,False,,en,INFORMATION RELEASE: Customer agrees that Energy Trust,"042_Extended Capacity Heat Pump, Contractor Installed–Form 320ECHP (PDF).pdf"
SPEC_2f9de8_manufacturer,CPF-320-EXTENDED-CAPACITY-HP,320ECHP,technical_specifications,Manufacturer,manufacturer,text,Text Input,False,,en,Manufacturer : HSPF2: EER2: SEER 2:,"042_Extended Capacity Heat Pump, Contractor Installed–Form 320ECHP (PDF).pdf"
SPEC_def154_model_number,CPF-320-EXTENDED-CAPACITY-HP,320ECHP,technical_specifications,Model,model_number,text,Text Input,False,,en,Model: Serial # : Indoor Model:,"042_Extended Capacity Heat Pump, Contractor Installed–Form 320ECHP (PDF).pdf"
FIN_64b96f_payment,CPF-320-EXTENDED-CAPACITY-HP,320ECHP,financial_information,PAYMENT,payment,text,Text Input,False,,en,"PAYMENT: Subject to funding availability, i ncentives will be paid","042_Extended Capacity Heat Pump, Contractor Installed–Form 320ECHP (PDF).pdf"
MISC_9407d9_proof_of_purchase,CPF-320-EXTENDED-CAPACITY-HP,320ECHP,other,PROOF OF PURCHASE,proof_of_purchase,text,Text Input,False,,en,PROOF OF PURCHASE: The invoice documentation,"042_Extended Capacity Heat Pump, Contractor Installed–Form 320ECHP (PDF).pdf"
TERMS_469f41_property_rights,CPF-320-EXTENDED-CAPACITY-HP,320ECHP,terms_and_conditions,PROPERTY RIGHTS,property_rights,text,Text Input,False,,en,PROPERTY RIGHTS: Customer represents that Customer has the,"042_Extended Capacity Heat Pump, Contractor Installed–Form 320ECHP (PDF).pdf"
MISC_98c915_prefer_to_self_descr,CPF-320-EXTENDED-CAPACITY-HP,320ECHP,other,Prefer to self -describe,prefer_to_self_describe,percentage,Text Input,False,,en,Prefer to self -describe : What is the primary language(s) used in your,"042_Extended Capacity Heat Pump, Contractor Installed–Form 320ECHP (PDF).pdf"
MISC_662cac_r_value,CPF-320-EXTENDED-CAPACITY-HP,320ECHP,other,R Value,r_value,text,Text Input,False,,en,R Value: R- Duct system location: % of duct,"042_Extended Capacity Heat Pump, Contractor Installed–Form 320ECHP (PDF).pdf"
MISC_8780f5_residence_type,CPF-320-EXTENDED-CAPACITY-HP,320ECHP,other,Residence type,residence_type,text,Text Input,False,,en,Residence type: Single- family home Manufactured home,"042_Extended Capacity Heat Pump, Contractor Installed–Form 320ECHP (PDF).pdf"
MISC_ed7e17_safety_and_building_,CPF-320-EXTENDED-CAPACITY-HP,320ECHP,other,SAFETY AND BUILDING CODES,safety_and_building_codes,percentage,Text Input,False,,en,"SAFETY AND BUILDING CODES: Customer represents that, with","042_Extended Capacity Heat Pump, Contractor Installed–Form 320ECHP (PDF).pdf"
EQUIP_f0cf85_thermostat_compresso,CPF-320-EXTENDED-CAPACITY-HP,320ECHP,equipment_information,Thermostat Compressor control set,thermostat_compressor_control_set,text,Text Input,False,,en,Thermostat Compressor control set: ºF Auxiliary heat lockout set: ºF,"042_Extended Capacity Heat Pump, Contractor Installed–Form 320ECHP (PDF).pdf"
CNTR_e80b9f_trade_ally_contracto,CPF-320-EXTENDED-CAPACITY-HP,320ECHP,contractor_information,Trade Ally ( Contractor ) Name and Signature,trade_ally_contractor_name_and_signature,signature,Signature,False,signature_required,en,Customer signature Full name (please print and use same name as on invoice) Date Customer email address (application status updates are sent via email) Trade Ally ( Contractor ) Name and Signat,"042_Extended Capacity Heat Pump, Contractor Installed–Form 320ECHP (PDF).pdf"
MISC_9404a2_work_quality_verific,CPF-320-EXTENDED-CAPACITY-HP,320ECHP,other,WORK QUALITY VERIFICATION,work_quality_verification,text,Text Input,False,,en,WORK QUALITY VERIFICATION: Prior to any payment of,"042_Extended Capacity Heat Pump, Contractor Installed–Form 320ECHP (PDF).pdf"
MISC_88b734_after,CPF-320-EXTENDED-CAPACITY-HP,320ECHP,other,after,after,text,Text Input,False,,en,after: (i) completion and/or installation of the energy -saving,"042_Extended Capacity Heat Pump, Contractor Installed–Form 320ECHP (PDF).pdf"
FIN_93fbe0_amount_listed_on_inv,CPF-320-EXTENDED-CAPACITY-HP,320ECHP,financial_information,amount listed on invoice,amount_listed_on_invoice,text,Text Input,False,,en,amount listed on invoice: $,"042_Extended Capacity Heat Pump, Contractor Installed–Form 320ECHP (PDF).pdf"
CNTR_8e1639_documentation_accomp,CPF-320-EXTENDED-CAPACITY-HP,320ECHP,contractor_information,documentation accompanying this application,documentation_accompanying_this_application,text,Text Input,False,,en,documentation accompanying this application: (i) all products,"042_Extended Capacity Heat Pump, Contractor Installed–Form 320ECHP (PDF).pdf"
MISC_618689_the_home_has,CPF-320-EXTENDED-CAPACITY-HP,320ECHP,other,the home has,the_home_has,text,Text Input,False,,en,the home has: Gas f ireplace Hydronic (boiler) Electric b aseboard,"042_Extended Capacity Heat Pump, Contractor Installed–Form 320ECHP (PDF).pdf"
AUTH_CUST_a0f68a_customer_signature,CPF-320-EXTENDED-CAPACITY-HP,320ECHP,customer_authorization,•Contractor and customer signatures,customer_signature,signature,Signature,False,signature_required,en,"appl ication information, including: •Contractor and customer signatures •Invoices billing the customer for purchas e and i","042_Extended Capacity Heat Pump, Contractor Installed–Form 320ECHP (PDF).pdf"
MISC_328d5c_indoor_configuration,CPF-320-EXTENDED-CAPACITY-HP,320ECHP,other,•Indoor Configuration,indoor_configuration,text,Text Input,False,,en,•Indoor Configuration: Eligible systems configurations must include a central,"042_Extended Capacity Heat Pump, Contractor Installed–Form 320ECHP (PDF).pdf"
MISC_6131f9_310swr,CPF-350-CUSTOMER-CONSENT,350CC,other,310SWR,310swr,text,Text Input,False,,en,310SWR: Verification of Income Qualification and meet the,043_Customer Consent Form–Form 350CC (PDF).pdf
TERMS_ee522b_authorization,CPF-350-CUSTOMER-CONSENT,350CC,terms_and_conditions,AUTHORIZATION,authorization,text,Text Input,False,,en,AUTHORIZATION: This authorization form must be filled out,043_Customer Consent Form–Form 350CC (PDF).pdf
CUST_a38745_customer,CPF-350-CUSTOMER-CONSENT,350CC,customer_information,CUSTOMER,customer,text,Text Input,False,,en,CUSTOMER: The person signing this form is the Customer. By,043_Customer Consent Form–Form 350CC (PDF).pdf
AUTH_CNTR_a54f56_contractor_signature,CPF-350-CUSTOMER-CONSENT,350CC,contractor_authorization,Contractor Name and Signature,contractor_signature,signature,Signature,False,signature_required,en,"Mailing Address (if different than site) Contractor Name and Signature By signing below, C ontractor certifies that this application and all accompanying documentation is complete and accurat",043_Customer Consent Form–Form 350CC (PDF).pdf
AUTH_CNTR_a54f56_contractor_signature,CPF-350-CUSTOMER-CONSENT,350CC,contractor_authorization,Contractor signature Full name (please print) Date,contractor_signature,signature,Signature,False,signature_required,en,with the Residential Specifications Manual . Contractor signature Full name (please print) Date Contractor company OCCB# or Washington License # Install date,043_Customer Consent Form–Form 350CC (PDF).pdf
AUTH_CUST_a0f68a_customer_signature,CPF-350-CUSTOMER-CONSENT,350CC,customer_authorization,Customer Name and Signature,customer_signature,signature,Signature,False,signature_required,en,"Phone 1.866.311.1822 ♦ Fax 1.866.516.7592 energytrust.org Customer Name and Signature By signing below, Customer agrees to the terms and conditions of this application and authorizes Contractor",043_Customer Consent Form–Form 350CC (PDF).pdf
AUTH_CUST_a0f68a_customer_signature,CPF-350-CUSTOMER-CONSENT,350CC,customer_authorization,Customer signature Full name (please print and use same name as on invoice) Date,customer_signature,signature,Signature,False,signature_required,en,requirements to the Trade Ally and Customer is responsible for paying the remaining balance of the invoice. Customer signature Full name (please print and use same name as on invoi,043_Customer Consent Form–Form 350CC (PDF).pdf
TERMS_a267d0_disclaimer_no_liabil,CPF-350-CUSTOMER-CONSENT,350CC,terms_and_conditions,DISCLAIMER / NO LIABILITY,disclaimer_no_liability,text,Text Input,False,,en,"DISCLAIMER / NO LIABILITY: Customer understands that,",043_Customer Consent Form–Form 350CC (PDF).pdf
TERMS_bcaf16_eligibility,CPF-350-CUSTOMER-CONSENT,350CC,terms_and_conditions,ELIGIBILITY,eligibility,text,Text Input,False,,en,ELIGIBILITY: Incentives for home heating upgrades are available,043_Customer Consent Form–Form 350CC (PDF).pdf
MISC_bea144_energy_information_r,CPF-350-CUSTOMER-CONSENT,350CC,other,ENERGY INFORMATION RELEASE,energy_information_release,text,Text Input,False,,en,ENERGY INFORMATION RELEASE : Customer authorizes,043_Customer Consent Form–Form 350CC (PDF).pdf
FIN_06561e_incentive_amount,CPF-350-CUSTOMER-CONSENT,350CC,financial_information,INCENTIVE AMOUNT,incentive_amount,text,Text Input,False,,en,INCENTIVE AMOUNT: Incentive amount cannot exceed total,043_Customer Consent Form–Form 350CC (PDF).pdf
MISC_a1b866_information_release,CPF-350-CUSTOMER-CONSENT,350CC,other,INFORMATION RELEASE,information_release,text,Text Input,False,,en,INFORMATION RELEASE: Customer agrees that Energy Trust,043_Customer Consent Form–Form 350CC (PDF).pdf
MISC_87274d_minimum_ventilation,CPF-350-CUSTOMER-CONSENT,350CC,other,MINIMUM VENTILATION,minimum_ventilation,text,Text Input,False,,en,MINIMUM VENTILATION: Customer may be notified by Contractor,043_Customer Consent Form–Form 350CC (PDF).pdf
FIN_64b96f_payment,CPF-350-CUSTOMER-CONSENT,350CC,financial_information,PAYMENT,payment,text,Text Input,False,,en,"PAYMENT : Subject to availability, i ncentives will be paid after: (i)",043_Customer Consent Form–Form 350CC (PDF).pdf
TERMS_469f41_property_rights,CPF-350-CUSTOMER-CONSENT,350CC,terms_and_conditions,PROPERTY RIGHTS,property_rights,text,Text Input,False,,en,PROPERTY RIGHTS: Customer represents that Customer has the,043_Customer Consent Form–Form 350CC (PDF).pdf
FIN_be48aa_work_quality_and_inc,CPF-350-CUSTOMER-CONSENT,350CC,financial_information,WORK QUALITY AND INCOME VERIFICATION,work_quality_and_income_verification,text,Text Input,False,,en,WORK QUALITY AND INCOME VERIFICATION: Prior to any work,043_Customer Consent Form–Form 350CC (PDF).pdf
FIN_d29f2d_yes_instant_incentiv,CPF-350-CUSTOMER-CONSENT,350CC,financial_information,"Yes, instant incentive amount listed on invoice",yes_instant_incentive_amount_listed_on_invoice,currency,Text Input,False,positive_number,en,"Yes, instant incentive amount listed on invoice: $",043_Customer Consent Form–Form 350CC (PDF).pdf
MISC_6131f9_310swr,CPF-350-CUSTOMER-CONSENT-ES,350CC-ES,other,310SWR,310swr,text,Text Input,False,,es,310SWR: Verificación de calificación por ingresos . Antes de recibir,044_Formulario de Consentimiento y Autorización de Cliente–Formulario 350CC-ES en espanol (PDF).pdf
TERMS_b686b7_autorización,CPF-350-CUSTOMER-CONSENT-ES,350CC-ES,terms_and_conditions,AUTORIZACIÓN,autorización,text,Text Input,False,,es,AUTORIZACIÓN : Este formulario de autorización se debe llenar por,044_Formulario de Consentimiento y Autorización de Cliente–Formulario 350CC-ES en espanol (PDF).pdf
CUST_b5f30e_cliente,CPF-350-CUSTOMER-CONSENT-ES,350CC-ES,customer_information,CLIENTE,cliente,text,Text Input,False,,es,CLIENTE: La persona que firma este formulario es el cliente. Al firmar,044_Formulario de Consentimiento y Autorización de Cliente–Formulario 350CC-ES en espanol (PDF).pdf
AUTH_CUST_a0f68a_customer_signature,CPF-350-CUSTOMER-CONSENT-ES,350CC-ES,customer_authorization,Customer Name and Signature,customer_signature,signature,Signature,False,signature_required,es,"energytrust.org Nombre y firma del cliente Customer Name and Signature Con su firma, el cliente acepta los términos y condiciones de esta solicitud y autoriza al Aliado Comercial identificado ab",044_Formulario de Consentimiento y Autorización de Cliente–Formulario 350CC-ES en espanol (PDF).pdf
TERMS_235beb_derechos_de_propieda,CPF-350-CUSTOMER-CONSENT-ES,350CC-ES,terms_and_conditions,DERECHOS DE PROPIEDAD,derechos_de_propiedad,text,Text Input,False,,es,DERECHOS DE PROPIEDAD: El cliente declara que tiene derecho a,044_Formulario de Consentimiento y Autorización de Cliente–Formulario 350CC-ES en espanol (PDF).pdf
TERMS_7af98d_elegibilidad,CPF-350-CUSTOMER-CONSENT-ES,350CC-ES,terms_and_conditions,ELEGIBILIDAD,elegibilidad,text,Text Input,False,,es,ELEGIBILIDAD: Los incentivos para medidas de ahorro de energía que,044_Formulario de Consentimiento y Autorización de Cliente–Formulario 350CC-ES en espanol (PDF).pdf
MISC_56417c_formulario_350cc_es_,CPF-350-CUSTOMER-CONSENT-ES,350CC-ES,other,Formulario 350CC- ES v2022.1 220328 Enviar formulario completado a,formulario_350cc_es_v20221_220328_enviar_formulari,text,Text Input,False,,es,Formulario 350CC- ES v2022.1 220328 Enviar formulario completado a: Página 1 de 2,044_Formulario de Consentimiento y Autorización de Cliente–Formulario 350CC-ES en espanol (PDF).pdf
FIN_a9bf99_monto_del_incentivo,CPF-350-CUSTOMER-CONSENT-ES,350CC-ES,financial_information,MONTO DEL INCENTIVO,monto_del_incentivo,text,Text Input,False,,es,MONTO DEL INCENTIVO: El monto del incentivo no puede ser mayor,044_Formulario de Consentimiento y Autorización de Cliente–Formulario 350CC-ES en espanol (PDF).pdf
FIN_ce14bf_pago,CPF-350-CUSTOMER-CONSENT-ES,350CC-ES,financial_information,PAGO,pago,text,Text Input,False,,es,PAGO : Los incentivos se pagarán luego de: (i) completar y/o instalar,044_Formulario de Consentimiento y Autorización de Cliente–Formulario 350CC-ES en espanol (PDF).pdf
CNTR_e80b9f_trade_ally_contracto,CPF-350-CUSTOMER-CONSENT-ES,350CC-ES,contractor_information,Trade Ally (Contractor) Name and Signature,trade_ally_contractor_name_and_signature,signature,Signature,False,signature_required,es,Aliado Comercial (contratista) Nombre y firma (La información que sigue no se exige para Savings Within Reach (Ahorros al Alcance) ni Proyectos de instalación directa de Energy Trust). Trade Ally (,044_Formulario de Consentimiento y Autorización de Cliente–Formulario 350CC-ES en espanol (PDF).pdf
MISC_3e5deb_ventilación_mínima,CPF-350-CUSTOMER-CONSENT-ES,350CC-ES,other,VENTILACIÓN MÍNIMA,ventilación_mínima,text,Text Input,False,,es,VENTILACIÓN MÍNIMA: El contratista puede informar al cliente que la,044_Formulario de Consentimiento y Autorización de Cliente–Formulario 350CC-ES en espanol (PDF).pdf
FIN_81bcb1_verificación_de_cali,CPF-350-CUSTOMER-CONSENT-ES,350CC-ES,financial_information,VERIFICACIÓN DE CALIDAD DE LA O BRA E INGRESOS,verificación_de_calidad_de_la_o_bra_e_ingresos,text,Text Input,False,,es,VERIFICACIÓN DE CALIDAD DE LA O BRA E INGRESOS : Antes de,044_Formulario de Consentimiento y Autorización de Cliente–Formulario 350CC-ES en espanol (PDF).pdf
MISC_8f6e3a_formulario_310swr,CPF-350-CUSTOMER-CONSENT-ES,350CC-ES,other,formulario 310SWR,formulario_310swr,text,Text Input,False,,es,formulario 310SWR: Verificación de calificación por ingresos y,044_Formulario de Consentimiento y Autorización de Cliente–Formulario 350CC-ES en espanol (PDF).pdf
FIN_dde98b_incentivos_se_indica,CPF-350-CUSTOMER-CONSENT-ES,350CC-ES,financial_information,incentivos se indican en el siguiente sitio web,incentivos_se_indican_en_el_siguiente_sitio_web,text,Text Input,False,,es,incentivos se indican en el siguiente sitio web: www.energytrust.org,044_Formulario de Consentimiento y Autorización de Cliente–Formulario 350CC-ES en espanol (PDF).pdf
FIN_702932_on_invoice,CPF-350-CUSTOMER-CONSENT-ES,350CC-ES,financial_information,on invoice,on_invoice,text,Text Input,False,,es,on invoice: $,044_Formulario de Consentimiento y Autorización de Cliente–Formulario 350CC-ES en espanol (PDF).pdf
MISC_78d583_nota,CPF-Unknown,Unknown,other,(Nota,nota,text,Text Input,False,,es,(Nota: La configuración de control es diferente de la velocidad del ventilador.),033_DHP-Engagement-Guide-Spanish_CLEAN.pdf
MISC_be19de_please_note,CPF-Unknown,Unknown,other,(Please note,please_note,text,Text Input,False,,en,(Please note: the control setting is different from the fan speed.),032_DHP-Engagement-Guide-English_CLEAN.pdf
SPEC_def154_model_number,CPF-Unknown,Unknown,technical_specifications,Bryant Housewise Wi -Fi Model number,model_number,text,Text Input,False,,en,Bryant Housewise Wi -Fi Model number: T6 -WEM01 -A only,045_Smart Thermostats.pdf
SPEC_def154_model_number,CPF-Unknown,Unknown,technical_specifications,Carrier Cor Wi -Fi Model number,model_number,text,Text Input,False,,en,Carrier Cor Wi -Fi Model number: TP -WEM01 -A only,045_Smart Thermostats.pdf
MISC_b684fe_community_partner_na,CPF-Unknown,Unknown,other,Community Partner name,community_partner_name,text,Text Input,False,,en,Community Partner name: Date:,034_Program Cost Assistance Fund Pre-Approval application.pdf
MISC_3e9575_contact_name,CPF-Unknown,Unknown,other,Contact name,contact_name,text,Text Input,False,,en,Contact name: Phone: Email:,034_Program Cost Assistance Fund Pre-Approval application.pdf
MISC_80cd42_date,CPF-Unknown,Unknown,other,Date,date,date,Text Input,False,valid_date,en,Date: 7/17/2017MultnomahHood,036_Service Area Map.pdf
MISC_80cd42_date,CPF-Unknown,Unknown,other,Date(s) in the market,date,date,Text Input,False,valid_date,en,Date(s) in the market: Estimated size:,034_Program Cost Assistance Fund Pre-Approval application.pdf
MISC_78add8_dato_divertido,CPF-Unknown,Unknown,other,Dato divertido,dato_divertido,text,Text Input,False,,en,Dato divertido: El primer,028_Water-Heating-Accordion-Translation.pdf
FIN_d07a75_estimated_cost,CPF-Unknown,Unknown,financial_information,Estimated cost,estimated_cost,currency,Text Input,False,positive_number,en,Estimated cost: $ Quantity:,034_Program Cost Assistance Fund Pre-Approval application.pdf
MISC_085367_fun_fact,CPF-Unknown,Unknown,other,Fun fact,fun_fact,text,Text Input,False,,en,Fun fact: The first,027_Water-Heating-Accordion.pdf
MISC_94aee2_lennox_signature_col,CPF-Unknown,Unknown,other,Lennox SIGNATURE COLLECTION SL28XCV,lennox_signature_collection_sl28xcv,signature,Signature,False,signature_required,en,Lennox ELITE XC20 Lennox SIGNATURE COLLECTION XC21 Lennox SIGNATURE COLLECTION SL28XCV Lennox MERIT 16ACX Lennox MERIT ML14XC1,047_Central Air Conditioners.pdf
MISC_3dbd27_lennox_signature_col,CPF-Unknown,Unknown,other,Lennox SIGNATURE COLLECTION XC21,lennox_signature_collection_xc21,signature,Signature,False,signature_required,en,Lennox ELITE EL18XCV Lennox ELITE XC20 Lennox SIGNATURE COLLECTION XC21 Lennox SIGNATURE COLLECTION SL28XCV Lennox MERIT 16ACX,047_Central Air Conditioners.pdf
MISC_7496e8_rheem_classic_plus_s,CPF-Unknown,Unknown,other,Rheem CLASSIC PLUS SERIES,rheem_classic_plus_series,text,Text Input,False,,en,Rheem CLASSIC PLUS SERIES: TWO -STAGE RA17,047_Central Air Conditioners.pdf
MISC_74a7c3_rheem_classic_series,CPF-Unknown,Unknown,other,Rheem CLASSIC SERIES,rheem_classic_series,text,Text Input,False,,en,Rheem CLASSIC SERIES: SINGLE STAGE RA16,047_Central Air Conditioners.pdf
MISC_35c427_rheem_prestige_serie,CPF-Unknown,Unknown,other,Rheem PRESTIGE SERIES,rheem_prestige_series,text,Text Input,False,,en,Rheem PRESTIGE SERIES: VARIABLE SPEED RA20,047_Central Air Conditioners.pdf
MISC_3d5df2_rheem_select_series,CPF-Unknown,Unknown,other,Rheem SELECT SERIES,rheem_select_series,text,Text Input,False,,en,Rheem SELECT SERIES: SINGLE STAGE WA16,047_Central Air Conditioners.pdf
MISC_d32c2f_ruud_achiever_series,CPF-Unknown,Unknown,other,Ruud ACHIEVER SERIES,ruud_achiever_series,text,Text Input,False,,en,Ruud ACHIEVER SERIES: SINGLE STAGE RA16,047_Central Air Conditioners.pdf
MISC_725257_ruud_choice_series,CPF-Unknown,Unknown,other,Ruud CHOICE SERIES,ruud_choice_series,text,Text Input,False,,en,Ruud CHOICE SERIES: SINGLE STAGE WA16,047_Central Air Conditioners.pdf
CNTR_4890ae_date,CPF-Unknown,Unknown,contractor_information,Trade Ally/Contractor Representative Signature Date,date,signature,Signature,False,signature_required,en,"be subject to disciplinary policies and procedures. To receive incentives, all work must comply with the Home Retrofit Specifications Manual and program incentive guides found on Energy Trust’s we",040_Windows Addendum (PDF).pdf
AUTH_CNTR_a54f56_contractor_signature,CPF-Unknown,Unknown,contractor_authorization,Trade Ally/Contractor Signature,contractor_signature,signature,Signature,False,signature_required,en,"Non-Standard Shape Window Information Quantity Manufacturer Series/Model Shape Measurements U-value Trade Ally/Contractor Signature By signing below, Trade Ally/Contractor certifies that this a",040_Windows Addendum (PDF).pdf
MISC_5bbc33_and_condensationredu,CPF-Unknown,Unknown,other,and condensationReduce noiseFun fact,and_condensationreduce_noisefun_fact,text,Text Input,False,,en,and condensationReduce noiseFun fact: Our trade allies have installed 7.1 million square feet of,023_Weatherization-Accordion.pdf
MISC_300851_el_ruidodato_diverti,CPF-Unknown,Unknown,other,el ruidoDato divertido,el_ruidodato_divertido,text,Text Input,False,,en,el ruidoDato divertido: Nuestros aliados comerciales (trade allies) han instalado,024_Weatherization-Accordion-Translation.pdf
MISC_dc6608__en_tiempo_caluroso,CPF-Unknown,Unknown,other,• En tiempo caluroso,_en_tiempo_caluroso,text,Text Input,False,,en,• En tiempo caluroso: Cierre las ventanas y cubiertas de,029_CBO-Low-Cost-No-Cost-Biligual-Flyer_CLEAN.pdf
MISC_3d4baf__en_tiempo_frío,CPF-Unknown,Unknown,other,• En tiempo frío,_en_tiempo_frío,text,Text Input,False,,en,• En tiempo frío: Cubra los pisos con alfombras para añadir,029_CBO-Low-Cost-No-Cost-Biligual-Flyer_CLEAN.pdf
MISC_11704e__in_cold_weather,CPF-Unknown,Unknown,other,• In cold weather,_in_cold_weather,text,Text Input,False,,en,• In cold weather: Cover bare floors with rugs to add comfort,029_CBO-Low-Cost-No-Cost-Biligual-Flyer_CLEAN.pdf
MISC_0b2f12__in_hot_weather,CPF-Unknown,Unknown,other,• In hot weather,_in_hot_weather,text,Text Input,False,,en,• In hot weather: Close windows and window coverings,029_CBO-Low-Cost-No-Cost-Biligual-Flyer_CLEAN.pdf
